MSSV,Họ và tên,Lớp,Số điện thoại,Email,Kênh liên hệ ưu tiên,Trách nhiệm (1-5),Chủ động (1-5),Tổ chức (1-5),Giao tiếp (1-5),Giải quyết vấn đề (1-5),Bình tĩnh thích ứng (1-5),Điểm TB,Cần tìm hiểu thêm,Ghi chú giảng viên,Thời gian nộp
"26000095","Triệu Minh Nguyên","26C1-CDT1","0827671766","trieuminhnguyen12@gmail.com","Gọi thoại / Tin nhắn SMS trực tiếp",4,2.25,2,3,3.5,2.75,2.92,KHÔNG,"","10:55:19 25/9/2026"
"26002646","Võ thành đtaj","26C1-CĐT1","0355135474","vdat69749@gmail.com","Zalo (Ưu tiên)",3.75,4.25,4,4.25,4,3.5,3.96,KHÔNG,"","10:53:02 25/9/2026"
"26001580","Hồ Phú Lộc","26C1-CDT1","0933266324","plocdw94@gmail.com","Gọi thoại / Tin nhắn SMS trực tiếp",4.5,4.25,4,3.75,4.25,2.5,3.88,KHÔNG,"","10:51:12 25/9/2026"
"26001695","Nguyễn Hoàng Anh","26C1CDT1","0962669170","anhzin1977@gmail.com","Gọi thoại / Tin nhắn SMS trực tiếp",4,3.75,2.5,3.5,3.75,3.75,3.54,KHÔNG,"","10:45:45 25/9/2026"
"26002681","Phạm nguyễn thành duy","26C1_CĐT1","0888161874","pnthanhduy2008@gmail.com","Gọi thoại / Tin nhắn SMS trực tiếp",3.75,2.75,5,5,4,3.75,4.04,KHÔNG,"","10:44:07 25/9/2026"
"26000108","Quách Thành Đạt","26C1 - CĐT1","0365779330","datsimbet123@gmail.com","Zalo (Ưu tiên)",4.25,2.75,2.75,4,3.5,3.5,3.46,KHÔNG,"","10:44:02 25/9/2026"
"26002202","Trương Gia Bảo","26C1-CĐT1","0824207374","truonggiabao7374@gmail.com","Zalo (Ưu tiên)",3.25,3.25,4.75,4,3.75,4,3.83,KHÔNG,"","10:43:55 25/9/2026"
"26000714","Nguyễn Quốc Triệu","26C1-CĐT1","0974350683","84trieu@gmail.com","Zalo (Ưu tiên)",3.75,3.25,3.5,3.25,2.25,3.5,3.25,KHÔNG,"","10:43:02 25/9/2026"
"26000484","Trần Quang Thái","26C1-CĐT1","0362894266","thaiplatino@gmail.com","Zalo (Ưu tiên)",4.5,3.25,4.5,4,4,2.75,3.83,KHÔNG,"","10:42:09 25/9/2026"
"26002466","Nguyễn Tấn Huy","26C1/CĐT1","0357615264","huy846521@gmail.com","Zalo (Ưu tiên)",4.25,2.5,4.75,3.5,3.75,4.25,3.83,KHÔNG,"","10:40:40 25/9/2026"
"26001609","Lâm Hoàng Đăng Khoa","26C1-CĐT1","0975607857","khoa200807@gmail.com","Zalo (Ưu tiên)",4.5,4,4.25,4.75,4.25,4.25,4.33,CÓ,"","10:40:34 25/9/2026"
"26002059","Hoàng văn toàn","26C1-CĐT1","0394417080","tonvanww@gmail.com","Zalo (Ưu tiên)",4,4,4,4,4,4,4,CÓ,"","10:40:30 25/9/2026"
"26001448","Ngô Tuấn An","26C1-CĐT1","0358685392","ngotuanan011028@gmail.com","Zalo (Ưu tiên)",4.75,3.75,5,4.5,4.5,4.5,4.5,CÓ,"","10:40:09 25/9/2026"
"26000997","Bạch Nguyễn Hoàng Anh","26C1-CĐT1","0347976718","hbach9165@gmail.com","Gọi thoại / Tin nhắn SMS trực tiếp",5,4,5,5,4.75,5,4.79,CÓ,"","10:39:36 25/9/2026"
"26001647","Phạm Nguyễn Huy Hoàng","26C1-CĐT1","0798363793","huyhoangphamnguyen6@gmail.com","Zalo (Ưu tiên)",4.25,4,4.5,4.5,4.5,4.5,4.38,CÓ,"","10:39:15 25/9/2026"
"26002073","Nguyễn Phước Tài","26C1-CĐT1","0398011949","phuoctai20008@gmail.com","Zalo (Ưu tiên)",3.75,3,3.5,3.75,3,3.5,3.42,KHÔNG,"","10:38:19 25/9/2026"
"26002499","Mai Thành Long","LỚP KHÁC26C1-CĐT1","0981067134","mlong20081021@gmail.com","Gọi thoại / Tin nhắn SMS trực tiếp",5,5,5,4,3.25,5,4.54,CÓ,"","10:38:12 25/9/2026"
"26000797","Trịnh ngọc hải","26C1-CĐT1","0823466357","haitrinh086@gmail.com","Zalo (Ưu tiên)",3.75,3.75,4,4,3.75,3.25,3.75,KHÔNG,"","10:37:41 25/9/2026"
"2625421","Võ Hoài Sơn","26C1-CĐT","09582455200","siewjoke@gmail.com","Zalo (Ưu tiên)",3,3.5,2.75,2.25,2.75,4.25,3.08,KHÔNG,"","10:29:24 25/9/2026"
"SV682663","Đoàn Minh Trí","D22_CNTT01","0981234567","tri.dm@student.edu.vn","Zalo (Ưu tiên)",4.75,4.25,4.5,4.25,4.5,4.25,4.42,KHÔNG,"","09:06:33 25/9/2026"
"TEST01","Sinh Vien Thu Nghiem","D21_TH01","0912345678","test@student.edu.vn","Zalo (Ưu tiên)",4.8,4.5,4.2,4.3,4.4,4.5,4.45,KHÔNG,"","09:03:48 25/9/2026"